{
    "path_count": 132,
    "parsed_path_count": 132,
    "static_analysis_path_count": 8,
    "static_analysis_parsed_path_count": 6,
    "is_partial_parse_enabled": true,
    "is_static_analysis_enabled": true,
    "read_files_elapsed": 0.04296912499999994,
    "load_macros_elapsed": 0.3960477499999999,
    "parse_project_elapsed": 0.1298002089999999,
    "patch_sources_elapsed": 0.00132308400000003,
    "process_manifest_elapsed": 0.013142791000000376,
    "load_all_elapsed": 0.5982746669999999,
    "projects": [
        {
            "project_name": "dev",
            "elapsed": 0.11345820799999995,
            "parsers": [
                {
                    "parser": "model",
                    "elapsed": 0.07288716699999975,
                    "parsed_path_count": 8
                },
                {
                    "parser": "test",
                    "elapsed": 0.03765341599999994,
                    "parsed_path_count": 1
                }
            ],
            "parsed_path_count": 9
        },
        {
            "project_name": "dbt_trino",
            "elapsed": 0.012178957999999795,
            "parsers": [],
            "parsed_path_count": 0
        },
        {
            "project_name": "dbt",
            "elapsed": 0.004082625000000117,
            "parsers": [
                {
                    "parser": "doc",
                    "elapsed": 0.0001722499999998739,
                    "parsed_path_count": 1
                }
            ],
            "parsed_path_count": 1
        }
    ]
}